title,date,source,Ticker
"AAPL After Hours: Apple Stock Nudged By Yields, MGM, Bitcoin",3 hours ago,TheStreet,AAPL
"Warren Buffett, Cathie Wood And Bill Gates Sell Apple Stock: Should You?",13 hours ago,TheStreet,AAPL
"Institutional investors sell AAPL, fail to see four trends, says Morgan Stanley",3 days ago,9to5Mac,AAPL
Microsoft (MSFT) Stock Surges in a Week But Plunging Today – Own Snap,9 hours ago,Own Snap,MSFT
"Microsoft Corporation (MSFT) Management Presents at JPMorgan 49th Annual Global Technology, Media and Communications Conference (Transcript)",23 hours ago,Seeking Alpha,MSFT
"Market Strength, NABE Survey, Volume Drop, Crypto Mining, Trading MSFT and AAPL",2 days ago,RealMoney,MSFT
Why Is Tesla (TSLA) Down 14.2% Since Last Earnings Report?,8 hours ago,Yahoo Finance,TSLA
Tesla: Buy the Dip?,2 days ago,Motley Fool,TSLA
Why Tesla Stock Jumped on Monday,3 days ago,The Motley Fool,TSLA
Amazon's (AMZN) Latest Move Ensures Employee Mental Wellbeing,9 hours ago,Yahoo Finance,AMZN
AMZN Stock: Analyzing Jim Cramer’s Company For The Ages View,2 days ago,TheStreet,AMZN
Amazon Stock: Why The Smart Money Is Running Away,3 days ago,TheStreet,AMZN
